Workbook

Sheet summary
A1: state | B1: lganame | C1: uu_code | D1: ie_data | E1: Enumeration | F1: world_pop | G1: mda_last round coverage | H1: immunization_last round
A2: Adamawa | B2: Demsa | C2: ADAMAWA_DEMSA | D2: {=IFERROR(INDEX(ie_records!D:D,MATCH(C2,ie_records!C:C,0)),"NA")} -> NA | E2: {=IFERROR(INDEX(enumeration_kad_bau_ada_gombe_y!D:D,MATCH(C2,enumeration_kad_bau_ada_gombe_y!B:B,0)),"NA")} -> 78295 | F2: {=IFERROR(INDEX(world_pop!G:G,MATCH(C2,world_pop!F:F,0)),"NA")} -> 47556 | G2: {=IFERROR(INDEX(mda_last_round!C:C,MATCH(C2,mda_last_round!E:E,0)),"NA")} -> 59894 | H2: {=IFERROR(INDEX(immuization!E:E,MATCH(C2,immuization!C:C,0)),"NA")} -> 78206
A3: Adamawa | B3: Fufore | C3: ADAMAWA_FUFORE | D3: {=IFERROR(INDEX(ie_records!D:D,MATCH(C3,ie_records!C:C,0)),"NA")} -> NA | E3: {=IFERROR(INDEX(enumeration_kad_bau_ada_gombe_y!D:D,MATCH(C3,enumeration_kad_bau_ada_gombe_y!B:B,0)),"NA")} -> 109881 | F3: {=IFERROR(INDEX(world_pop!G:G,MATCH(C3,world_pop!F:F,0)),"NA")} -> 74764 | G3: {=IFERROR(INDEX(mda_last_round!C:C,MATCH(C3,mda_last_round!E:E,0)),"NA")} -> 75465 | H3: {=IFERROR(INDEX(immuization!E:E,MATCH(C3,immuization!C:C,0)),"NA")} -> 96912
A4: Adamawa | B4: Ganye | C4: ADAMAWA_GANYE | D4: {=IFERROR(INDEX(ie_records!D:D,MATCH(C4,ie_records!C:C,0)),"NA")} -> NA | E4: {=IFERROR(INDEX(enumeration_kad_bau_ada_gombe_y!D:D,MATCH(C4,enumeration_kad_bau_ada_gombe_y!B:B,0)),"NA")} -> 58086 | F4: {=IFERROR(INDEX(world_pop!G:G,MATCH(C4,world_pop!F:F,0)),"NA")} -> 52343 | G4: {=IFERROR(INDEX(mda_last_round!C:C,MATCH(C4,mda_last_round!E:E,0)),"NA")} -> 50873 | H4: {=IFERROR(INDEX(immuization!E:E,MATCH(C4,immuization!C:C,0)),"NA")} -> 57510
A5: Adamawa | B5: Girei | C5: ADAMAWA_GIREI | D5: {=IFERROR(INDEX(ie_records!D:D,MATCH(C5,ie_records!C:C,0)),"NA")} -> NA | E5: {=IFERROR(INDEX(enumeration_kad_bau_ada_gombe_y!D:D,MATCH(C5,enumeration_kad_bau_ada_gombe_y!B:B,0)),"NA")} -> 53156 | F5: {=IFERROR(INDEX(world_pop!G:G,MATCH(C5,world_pop!F:F,0)),"NA")} -> 44319 | G5: {=IFERROR(INDEX(mda_last_round!C:C,MATCH(C5,mda_last_round!E:E,0)),"NA")} -> 45686 | H5: {=IFERROR(INDEX(immuization!E:E,MATCH(C5,immuization!C:C,0)),"NA")} -> 54459
A6: Adamawa | B6: Gombi | C6: ADAMAWA_GOMBI | D6: {=IFERROR(INDEX(ie_records!D:D,MATCH(C6,ie_records!C:C,0)),"NA")} -> NA | E6: {=IFERROR(INDEX(enumeration_kad_bau_ada_gombe_y!D:D,MATCH(C6,enumeration_kad_bau_ada_gombe_y!B:B,0)),"NA")} -> 63553 | F6: {=IFERROR(INDEX(world_pop!G:G,MATCH(C6,world_pop!F:F,0)),"NA")} -> 49526 | G6: {=IFERROR(INDEX(mda_last_round!C:C,MATCH(C6,mda_last_round!E:E,0)),"NA")} -> 48636 | H6: {=IFERROR(INDEX(immuization!E:E,MATCH(C6,immuization!C:C,0)),"NA")} -> 66079
A7: Adamawa | B7: Guyuk | C7: ADAMAWA_GUYUK | D7: {=IFERROR(INDEX(ie_records!D:D,MATCH(C7,ie_records!C:C,0)),"NA")} -> NA | E7: {=IFERROR(INDEX(enumeration_kad_bau_ada_gombe_y!D:D,MATCH(C7,enumeration_kad_bau_ada_gombe_y!B:B,0)),"NA")} -> 71273 | F7: {=IFERROR(INDEX(world_pop!G:G,MATCH(C7,world_pop!F:F,0)),"NA")} -> 42068 | G7: {=IFERROR(INDEX(mda_last_round!C:C,MATCH(C7,mda_last_round!E:E,0)),"NA")} -> 58862 | H7: {=IFERROR(INDEX(immuization!E:E,MATCH(C7,immuization!C:C,0)),"NA")} -> 29094
A8: Adamawa | B8: Hong | C8: ADAMAWA_HONG | D8: {=IFERROR(INDEX(ie_records!D:D,MATCH(C8,ie_records!C:C,0)),"NA")} -> NA | E8: {=IFERROR(INDEX(enumeration_kad_bau_ada_gombe_y!D:D,MATCH(C8,enumeration_kad_bau_ada_gombe_y!B:B,0)),"NA")} -> 62256 | F8: {=IFERROR(INDEX(world_pop!G:G,MATCH(C8,world_pop!F:F,0)),"NA")} -> 55841 | G8: {=IFERROR(INDEX(mda_last_round!C:C,MATCH(C8,mda_last_round!E:E,0)),"NA")} -> 46750 | H8: {=IFERROR(INDEX(immuization!E:E,MATCH(C8,immuization!C:C,0)),"NA")} -> 42148
A9: Adamawa | B9: Jada | C9: ADAMAWA_JADA | D9: {=IFERROR(INDEX(ie_records!D:D,MATCH(C9,ie_records!C:C,0)),"NA")} -> NA | E9: {=IFERROR(INDEX(enumeration_kad_bau_ada_gombe_y!D:D,MATCH(C9,enumeration_kad_bau_ada_gombe_y!B:B,0)),"NA")} -> 62492 | F9: {=IFERROR(INDEX(world_pop!G:G,MATCH(C9,world_pop!F:F,0)),"NA")} -> 54042 | G9: {=IFERROR(INDEX(mda_last_round!C:C,MATCH(C9,mda_last_round!E:E,0)),"NA")} -> 52716 | H9: {=IFERROR(INDEX(immuization!E:E,MATCH(C9,immuization!C:C,0)),"NA")} -> 51596
A10: Adamawa | B10: Lamurde | C10: ADAMAWA_LAMURDE | D10: {=IFERROR(INDEX(ie_records!D:D,MATCH(C10,ie_records!C:C,0)),"NA")} -> NA | E10: {=IFERROR(INDEX(enumeration_kad_bau_ada_gombe_y!D:D,MATCH(C10,enumeration_kad_bau_ada_gombe_y!B:B,0)),"NA")} -> 44530 | F10: {=IFERROR(INDEX(world_pop!G:G,MATCH(C10,world_pop!F:F,0)),"NA")} -> 33598 | G10: {=IFERROR(INDEX(mda_last_round!C:C,MATCH(C10,mda_last_round!E:E,0)),"NA")} -> 31831 | H10: {=IFERROR(INDEX(immuization!E:E,MATCH(C10,immuization!C:C,0)),"NA")} -> 58805
A11: Adamawa | B11: Madagali | C11: ADAMAWA_MADAGALI | D11: {=IFERROR(INDEX(ie_records!D:D,MATCH(C11,ie_records!C:C,0)),"NA")} -> NA | E11: {=IFERROR(INDEX(enumeration_kad_bau_ada_gombe_y!D:D,MATCH(C11,enumeration_kad_bau_ada_gombe_y!B:B,0)),"NA")} -> 67035 | F11: {=IFERROR(INDEX(world_pop!G:G,MATCH(C11,world_pop!F:F,0)),"NA")} -> 42724 | G11: {=IFERROR(INDEX(mda_last_round!C:C,MATCH(C11,mda_last_round!E:E,0)),"NA")} -> 55945 | H11: {=IFERROR(INDEX(immuization!E:E,MATCH(C11,immuization!C:C,0)),"NA")} -> 59093
A12: Adamawa | B12: Maiha | C12: ADAMAWA_MAIHA | D12: {=IFERROR(INDEX(ie_records!D:D,MATCH(C12,ie_records!C:C,0)),"NA")} -> NA | E12: {=IFERROR(INDEX(enumeration_kad_bau_ada_gombe_y!D:D,MATCH(C12,enumeration_kad_bau_ada_gombe_y!B:B,0)),"NA")} -> 57611 | F12: {=IFERROR(INDEX(world_pop!G:G,MATCH(C12,world_pop!F:F,0)),"NA")} -> 31586 | G12: {=IFERROR(INDEX(mda_last_round!C:C,MATCH(C12,mda_last_round!E:E,0)),"NA")} -> 40695 | H12: {=IFERROR(INDEX(immuization!E:E,MATCH(C12,immuization!C:C,0)),"NA")} -> 41025
A13: Adamawa | B13: Mayo-Belwa | C13: ADAMAWA_MAYO BELWA | D13: {=IFERROR(INDEX(ie_records!D:D,MATCH(C13,ie_records!C:C,0)),"NA")} -> NA | E13: {=IFERROR(INDEX(enumeration_kad_bau_ada_gombe_y!D:D,MATCH(C13,enumeration_kad_bau_ada_gombe_y!B:B,0)),"NA")} -> 95915 | F13: {=IFERROR(INDEX(world_pop!G:G,MATCH(C13,world_pop!F:F,0)),"NA")} -> 51996 | G13: {=IFERROR(INDEX(mda_last_round!C:C,MATCH(C13,mda_last_round!E:E,0)),"NA")} -> 93535 | H13: {=IFERROR(INDEX(immuization!E:E,MATCH(C13,immuization!C:C,0)),"NA")} -> 53732
... A103: Kaduna | B103: Zaria | C103: KADUNA_ZARIA | D103: {=IFERROR(INDEX(ie_records!D:D,MATCH(C103,ie_records!C:C,0)),"NA")} -> NA | E103: {=IFERROR(INDEX(enumeration_kad_bau_ada_gombe_y!D:D,MATCH(C103,enumeration_kad_bau_ada_gombe_y!B:B,0)),"NA")} -> 292558 | F103: {=IFERROR(INDEX(world_pop!G:G,MATCH(C103,world_pop!F:F,0)),"NA")} -> 133872 | G103: {=IFERROR(INDEX(mda_last_round!C:C,MATCH(C103,mda_last_round!E:E,0)),"NA")} -> 265871 | H103: {=IFERROR(INDEX(immuization!E:E,MATCH(C103,immuization!C:C,0)),"NA")} -> 278034
A104: Kano | B104: Ajingi | C104: KANO_AJINGI | D104: {=IFERROR(INDEX(ie_records!D:D,MATCH(C104,ie_records!C:C,0)),"NA")} -> NA | E104: NA | F104: {=IFERROR(INDEX(world_pop!G:G,MATCH(C104,world_pop!F:F,0)),"NA")} -> 56143 | G104: {=IFERROR(INDEX(mda_last_round!C:C,MATCH(C104,mda_last_round!E:E,0)),"NA")} -> 68258 | H104: {=IFERROR(INDEX(immuization!E:E,MATCH(C104,immuization!C:C,0)),"NA")} -> 50005
A105: Kano | B105: Albasu | C105: KANO_ALBASU | D105: {=IFERROR(INDEX(ie_records!D:D,MATCH(C105,ie_records!C:C,0)),"NA")} -> NA | E105: NA | F105: {=IFERROR(INDEX(world_pop!G:G,MATCH(C105,world_pop!F:F,0)),"NA")} -> 53445 | G105: {=IFERROR(INDEX(mda_last_round!C:C,MATCH(C105,mda_last_round!E:E,0)),"NA")} -> 55205 | H105: {=IFERROR(INDEX(immuization!E:E,MATCH(C105,immuization!C:C,0)),"NA")} -> 51461
A106: Kano | B106: Bagwai | C106: KANO_BAGWAI | D106: {=IFERROR(INDEX(ie_records!D:D,MATCH(C106,ie_records!C:C,0)),"NA")} -> NA | E106: NA | F106: {=IFERROR(INDEX(world_pop!G:G,MATCH(C106,world_pop!F:F,0)),"NA")} -> 54909 | G106: {=IFERROR(INDEX(mda_last_round!C:C,MATCH(C106,mda_last_round!E:E,0)),"NA")} -> 0 | H106: {=IFERROR(INDEX(immuization!E:E,MATCH(C106,immuization!C:C,0)),"NA")} -> 58608
A107: Kano | B107: Bebeji | C107: KANO_BEBEJI | D107: {=IFERROR(INDEX(ie_records!D:D,MATCH(C107,ie_records!C:C,0)),"NA")} -> NA | E107: NA | F107: {=IFERROR(INDEX(world_pop!G:G,MATCH(C107,world_pop!F:F,0)),"NA")} -> 75212 | G107: {=IFERROR(INDEX(mda_last_round!C:C,MATCH(C107,mda_last_round!E:E,0)),"NA")} -> 95124 | H107: {=IFERROR(INDEX(immuization!E:E,MATCH(C107,immuization!C:C,0)),"NA")} -> 78212
A108: Kano | B108: Bichi | C108: KANO_BICHI | D108: {=IFERROR(INDEX(ie_records!D:D,MATCH(C108,ie_records!C:C,0)),"NA")} -> NA | E108: NA | F108: {=IFERROR(INDEX(world_pop!G:G,MATCH(C108,world_pop!F:F,0)),"NA")} -> 97774 | G108: {=IFERROR(INDEX(mda_last_round!C:C,MATCH(C108,mda_last_round!E:E,0)),"NA")} -> 103793 | H108: {=IFERROR(INDEX(immuization!E:E,MATCH(C108,immuization!C:C,0)),"NA")} -> 103628
A109: Kano | B109: Bunkure | C109: KANO_BUNKURE | D109: {=IFERROR(INDEX(ie_records!D:D,MATCH(C109,ie_records!C:C,0)),"NA")} -> NA | E109: NA | F109: {=IFERROR(INDEX(world_pop!G:G,MATCH(C109,world_pop!F:F,0)),"NA")} -> 51301 | G109: {=IFERROR(INDEX(mda_last_round!C:C,MATCH(C109,mda_last_round!E:E,0)),"NA")} -> 78405 | H109: {=IFERROR(INDEX(immuization!E:E,MATCH(C109,immuization!C:C,0)),"NA")} -> 63371
A110: Kano | B110: Dala | C110: KANO_DALA | D110: {=IFERROR(INDEX(ie_records!D:D,MATCH(C110,ie_records!C:C,0)),"NA")} -> NA | E110: NA | F110: {=IFERROR(INDEX(world_pop!G:G,MATCH(C110,world_pop!F:F,0)),"NA")} -> 80216 | G110: {=IFERROR(INDEX(mda_last_round!C:C,MATCH(C110,mda_last_round!E:E,0)),"NA")} -> 111612 | H110: {=IFERROR(INDEX(immuization!E:E,MATCH(C110,immuization!C:C,0)),"NA")} -> 110281
A111: Kano | B111: Dambatta | C111: KANO_DAMBATTA | D111: {=IFERROR(INDEX(ie_records!D:D,MATCH(C111,ie_records!C:C,0)),"NA")} -> NA | E111: NA | F111: {=IFERROR(INDEX(world_pop!G:G,MATCH(C111,world_pop!F:F,0)),"NA")} -> 86599 | G111: {=IFERROR(INDEX(mda_last_round!C:C,MATCH(C111,mda_last_round!E:E,0)),"NA")} -> 0 | H111: {=IFERROR(INDEX(immuization!E:E,MATCH(C111,immuization!C:C,0)),"NA")} -> 69053
A112: Kano | B112: Dawakin Kudu | C112: KANO_DAWAKIN KUDU | D112: {=IFERROR(INDEX(ie_records!D:D,MATCH(C112,ie_records!C:C,0)),"NA")} -> NA | E112: NA | F112: {=IFERROR(INDEX(world_pop!G:G,MATCH(C112,world_pop!F:F,0)),"NA")} -> 91729 | G112: {=IFERROR(INDEX(mda_last_round!C:C,MATCH(C112,mda_last_round!E:E,0)),"NA")} -> 0 | H112: {=IFERROR(INDEX(immuization!E:E,MATCH(C112,immuization!C:C,0)),"NA")} -> 96300
A113: Kano | B113: Dawakin Tofa | C113: KANO_DAWAKIN TOFA | D113: {=IFERROR(INDEX(ie_records!D:D,MATCH(C113,ie_records!C:C,0)),"NA")} -> NA | E113: NA | F113: {=IFERROR(INDEX(world_pop!G:G,MATCH(C113,world_pop!F:F,0)),"NA")} -> 79976 | G113: {=IFERROR(INDEX(mda_last_round!C:C,MATCH(C113,mda_last_round!E:E,0)),"NA")} -> 90681 | H113: {=IFERROR(INDEX(immuization!E:E,MATCH(C113,immuization!C:C,0)),"NA")} -> 92206
A114: Kano | B114: Doguwa | C114: KANO_DOGUWA | D114: {=IFERROR(INDEX(ie_records!D:D,MATCH(C114,ie_records!C:C,0)),"NA")} -> NA | E114: NA | F114: {=IFERROR(INDEX(world_pop!G:G,MATCH(C114,world_pop!F:F,0)),"NA")} -> 39284 | G114: {=IFERROR(INDEX(mda_last_round!C:C,MATCH(C114,mda_last_round!E:E,0)),"NA")} -> NA | H114: {=IFERROR(INDEX(immuization!E:E,MATCH(C114,immuization!C:C,0)),"NA")} -> 59659
A115: Kano | B115: Fagge | C115: KANO_FAGGE | D115: {=IFERROR(INDEX(ie_records!D:D,MATCH(C115,ie_records!C:C,0)),"NA")} -> NA | E115: NA | F115: {=IFERROR(INDEX(world_pop!G:G,MATCH(C115,world_pop!F:F,0)),"NA")} -> 67418 | G115: {=IFERROR(INDEX(mda_last_round!C:C,MATCH(C115,mda_last_round!E:E,0)),"NA")} -> 0 | H115: {=IFERROR(INDEX(immuization!E:E,MATCH(C115,immuization!C:C,0)),"NA")} -> 84173
... A147: Kano | B147: Wudil | C147: KANO_WUDIL | D147: {=IFERROR(INDEX(ie_records!D:D,MATCH(C147,ie_records!C:C,0)),"NA")} -> NA | E147: NA | F147: {=IFERROR(INDEX(world_pop!G:G,MATCH(C147,world_pop!F:F,0)),"NA")} -> 64586 | G147: {=IFERROR(INDEX(mda_last_round!C:C,MATCH(C147,mda_last_round!E:E,0)),"NA")} -> 65596 | H147: {=IFERROR(INDEX(immuization!E:E,MATCH(C147,immuization!C:C,0)),"NA")} -> 57874
A148: Katsina | B148: Bakori | C148: KATSINA_BAKORI | D148: {=IFERROR(INDEX(ie_records!D:D,MATCH(C148,ie_records!C:C,0)),"NA")} -> 76017 | E148: {=IFERROR(INDEX(enumeration_kad_bau_ada_gombe_y!D:D,MATCH(C148,enumeration_kad_bau_ada_gombe_y!B:B,0)),"NA")} -> NA | F148: {=IFERROR(INDEX(world_pop!G:G,MATCH(C148,world_pop!F:F,0)),"NA")} -> 70913 | G148: {=IFERROR(INDEX(mda_last_round!C:C,MATCH(C148,mda_last_round!E:E,0)),"NA")} -> 71784 | H148: {=IFERROR(INDEX(immuization!E:E,MATCH(C148,immuization!C:C,0)),"NA")} -> 98957
A149: Katsina | B149: Batagarawa | C149: KATSINA_BATAGARAWA | D149: {=IFERROR(INDEX(ie_records!D:D,MATCH(C149,ie_records!C:C,0)),"NA")} -> 50010 | E149: {=IFERROR(INDEX(enumeration_kad_bau_ada_gombe_y!D:D,MATCH(C149,enumeration_kad_bau_ada_gombe_y!B:B,0)),"NA")} -> NA | F149: {=IFERROR(INDEX(world_pop!G:G,MATCH(C149,world_pop!F:F,0)),"NA")} -> 68528 | G149: {=IFERROR(INDEX(mda_last_round!C:C,MATCH(C149,mda_last_round!E:E,0)),"NA")} -> 40388 | H149: {=IFERROR(INDEX(immuization!E:E,MATCH(C149,immuization!C:C,0)),"NA")} -> 79516
A150: Katsina | B150: Batsari | C150: KATSINA_BATSARI | D150: {=IFERROR(INDEX(ie_records!D:D,MATCH(C150,ie_records!C:C,0)),"NA")} -> 51682 | E150: {=IFERROR(INDEX(enumeration_kad_bau_ada_gombe_y!D:D,MATCH(C150,enumeration_kad_bau_ada_gombe_y!B:B,0)),"NA")} -> NA | F150: {=IFERROR(INDEX(world_pop!G:G,MATCH(C150,world_pop!F:F,0)),"NA")} -> 51367 | G150: {=IFERROR(INDEX(mda_last_round!C:C,MATCH(C150,mda_last_round!E:E,0)),"NA")} -> 50957 | H150: {=IFERROR(INDEX(immuization!E:E,MATCH(C150,immuization!C:C,0)),"NA")} -> 74116
A151: Katsina | B151: Baure | C151: KATSINA_BAURE | D151: {=IFERROR(INDEX(ie_records!D:D,MATCH(C151,ie_records!C:C,0)),"NA")} -> 60003 | E151: {=IFERROR(INDEX(enumeration_kad_bau_ada_gombe_y!D:D,MATCH(C151,enumeration_kad_bau_ada_gombe_y!B:B,0)),"NA")} -> NA | F151: {=IFERROR(INDEX(world_pop!G:G,MATCH(C151,world_pop!F:F,0)),"NA")} -> 65547 | G151: {=IFERROR(INDEX(mda_last_round!C:C,MATCH(C151,mda_last_round!E:E,0)),"NA")} -> 65008 | H151: {=IFERROR(INDEX(immuization!E:E,MATCH(C151,immuization!C:C,0)),"NA")} -> 65858
A152: Katsina | B152: Bindawa | C152: KATSINA_BINDAWA | D152: {=IFERROR(INDEX(ie_records!D:D,MATCH(C152,ie_records!C:C,0)),"NA")} -> 48301 | E152: {=IFERROR(INDEX(enumeration_kad_bau_ada_gombe_y!D:D,MATCH(C152,enumeration_kad_bau_ada_gombe_y!B:B,0)),"NA")} -> NA | F152: {=IFERROR(INDEX(world_pop!G:G,MATCH(C152,world_pop!F:F,0)),"NA")} -> 49022 | G152: {=IFERROR(INDEX(mda_last_round!C:C,MATCH(C152,mda_last_round!E:E,0)),"NA")} -> 42937 | H152: {=IFERROR(INDEX(immuization!E:E,MATCH(C152,immuization!C:C,0)),"NA")} -> 64533
A153: Katsina | B153: Charanchi | C153: KATSINA_CHARANCHI | D153: {=IFERROR(INDEX(ie_records!D:D,MATCH(C153,ie_records!C:C,0)),"NA")} -> 46938 | E153: {=IFERROR(INDEX(enumeration_kad_bau_ada_gombe_y!D:D,MATCH(C153,enumeration_kad_bau_ada_gombe_y!B:B,0)),"NA")} -> NA | F153: {=IFERROR(INDEX(world_pop!G:G,MATCH(C153,world_pop!F:F,0)),"NA")} -> 48002 | G153: {=IFERROR(INDEX(mda_last_round!C:C,MATCH(C153,mda_last_round!E:E,0)),"NA")} -> 62432 | H153: {=IFERROR(INDEX(immuization!E:E,MATCH(C153,immuization!C:C,0)),"NA")} -> 53609
A154: Katsina | B154: Dan Musa | C154: KATSINA_DAN MUSA | D154: {=IFERROR(INDEX(ie_records!D:D,MATCH(C154,ie_records!C:C,0)),"NA")} -> 45128 | E154: {=IFERROR(INDEX(enumeration_kad_bau_ada_gombe_y!D:D,MATCH(C154,enumeration_kad_bau_ada_gombe_y!B:B,0)),"NA")} -> NA | F154: {=IFERROR(INDEX(world_pop!G:G,MATCH(C154,world_pop!F:F,0)),"NA")} -> 46377 | G154: {=IFERROR(INDEX(mda_last_round!C:C,MATCH(C154,mda_last_round!E:E,0)),"NA")} -> 62407 | H154: {=IFERROR(INDEX(immuization!E:E,MATCH(C154,immuization!C:C,0)),"NA")} -> 50263
A155: Katsina | B155: Dandume | C155: KATSINA_DANDUME | D155: {=IFERROR(INDEX(ie_records!D:D,MATCH(C155,ie_records!C:C,0)),"NA")} -> 69858 | E155: {=IFERROR(INDEX(enumeration_kad_bau_ada_gombe_y!D:D,MATCH(C155,enumeration_kad_bau_ada_gombe_y!B:B,0)),"NA")} -> NA | F155: {=IFERROR(INDEX(world_pop!G:G,MATCH(C155,world_pop!F:F,0)),"NA")} -> 56497 | G155: {=IFERROR(INDEX(mda_last_round!C:C,MATCH(C155,mda_last_round!E:E,0)),"NA")} -> 61728 | H155: {=IFERROR(INDEX(immuization!E:E,MATCH(C155,immuization!C:C,0)),"NA")} -> 75241
A156: Katsina | B156: Danja | C156: KATSINA_DANJA | D156: {=IFERROR(INDEX(ie_records!D:D,MATCH(C156,ie_records!C:C,0)),"NA")} -> 66182 | E156: {=IFERROR(INDEX(enumeration_kad_bau_ada_gombe_y!D:D,MATCH(C156,enumeration_kad_bau_ada_gombe_y!B:B,0)),"NA")} -> NA | F156: {=IFERROR(INDEX(world_pop!G:G,MATCH(C156,world_pop!F:F,0)),"NA")} -> 58607 | G156: {=IFERROR(INDEX(mda_last_round!C:C,MATCH(C156,mda_last_round!E:E,0)),"NA")} -> 46651 | H156: {=IFERROR(INDEX(immuization!E:E,MATCH(C156,immuization!C:C,0)),"NA")} -> 97249
A157: Katsina | B157: Daura | C157: KATSINA_DAURA | D157: {=IFERROR(INDEX(ie_records!D:D,MATCH(C157,ie_records!C:C,0)),"NA")} -> 32790 | E157: {=IFERROR(INDEX(enumeration_kad_bau_ada_gombe_y!D:D,MATCH(C157,enumeration_kad_bau_ada_gombe_y!B:B,0)),"NA")} -> NA | F157: {=IFERROR(INDEX(world_pop!G:G,MATCH(C157,world_pop!F:F,0)),"NA")} -> 64537 | G157: {=IFERROR(INDEX(mda_last_round!C:C,MATCH(C157,mda_last_round!E:E,0)),"NA")} -> 61746 | H157: {=IFERROR(INDEX(immuization!E:E,MATCH(C157,immuization!C:C,0)),"NA")} -> 75067
A158: Katsina | B158: Dutsi | C158: KATSINA_DUTSI | D158: {=IFERROR(INDEX(ie_records!D:D,MATCH(C158,ie_records!C:C,0)),"NA")} -> 32600 | E158: {=IFERROR(INDEX(enumeration_kad_bau_ada_gombe_y!D:D,MATCH(C158,enumeration_kad_bau_ada_gombe_y!B:B,0)),"NA")} -> NA | F158: {=IFERROR(INDEX(world_pop!G:G,MATCH(C158,world_pop!F:F,0)),"NA")} -> 43950 | G158: {=IFERROR(INDEX(mda_last_round!C:C,MATCH(C158,mda_last_round!E:E,0)),"NA")} -> 33219 | H158: {=IFERROR(INDEX(immuization!E:E,MATCH(C158,immuization!C:C,0)),"NA")} -> 54716
A159: Katsina | B159: Dutsin Ma | C159: KATSINA_DUTSIN MA | D159: {=IFERROR(INDEX(ie_records!D:D,MATCH(C159,ie_records!C:C,0)),"NA")} -> 66490 | E159: {=IFERROR(INDEX(enumeration_kad_bau_ada_gombe_y!D:D,MATCH(C159,enumeration_kad_bau_ada_gombe_y!B:B,0)),"NA")} -> NA | F159: {=IFERROR(INDEX(world_pop!G:G,MATCH(C159,world_pop!F:F,0)),"NA")} -> 65942 | G159: {=IFERROR(INDEX(mda_last_round!C:C,MATCH(C159,mda_last_round!E:E,0)),"NA")} -> 50127 | H159: {=IFERROR(INDEX(immuization!E:E,MATCH(C159,immuization!C:C,0)),"NA")} -> 81045
... A256: Zamfara | B256: Zurmi | C256: ZAMFARA_ZURMI | D256: {=IFERROR(INDEX(ie_records!D:D,MATCH(C256,ie_records!C:C,0)),"NA")} -> 61731 | E256: {=IFERROR(INDEX(enumeration_kad_bau_ada_gombe_y!D:D,MATCH(C256,enumeration_kad_bau_ada_gombe_y!B:B,0)),"NA")} -> NA | F256: {=IFERROR(INDEX(world_pop!G:G,MATCH(C256,world_pop!F:F,0)),"NA")} -> 43646 | G256: {=IFERROR(INDEX(mda_last_round!C:C,MATCH(C256,mda_last_round!E:E,0)),"NA")} -> NA | H256: {=IFERROR(INDEX(immuization!E:E,MATCH(C256,immuization!C:C,0)),"NA")} -> 225364

Sheet Adamawa_sample

Sheet Sheet8
A2: State | B2: IE Pop as at last year | C2: NIMR Pop | D2: WorldPop | E2: MDA Coverage | F2: Immunisation | G2: Selected Denominator | H2: Source | I2: Variance vs MDA
A3: Adamawa | B3: — | C3: 1430472 | D3: 1022029 | E3: 1153407 | F3: 1283891 | G3: 1430472 | H3: NIMR | I3: =+24% -> 0.24
A4: Bauchi | B4: — | C4: 1419998 | D4: 1640980 | E4: 1248345 | F4: 2159570 | G4: 1419998 | H4: NIMR | I4: =+13.8% -> 0.138
A5: Gombe | B5: — | C5: 904403 | D5: 787314 | E5: 734272 | F5: 755551 | G5: 904403 | H5: NIMR | I5: =+23.2% -> 0.232
A6: Jigawa | B6: 1205775 | C6: — | D6: 1473765 | E6: 1103670 | F6: 1803472 | G6: 1205775 | H6: IE | I6: =+9.3% -> 0.093
A7: Kaduna | B7: — | C7: 2872200 | D7: 1891789 | E7: 2694251 | F7: 2772581 | G7: 2872200 | H7: NIMR | I7: =+6.6% -> 0.066
A8: Kano | B8: — | C8: — | D8: 3133275 | E8: 2147892 | F8: 3321445 | G8: 3133275 | H8: WorldPop | I8: =+45.9% -> 0.459
A9: Katsina | B9: 1802995 | C9: — | D9: 2079475 | E9: 1776582 | F9: 2606673 | G9: 1802995 | H9: IE | I9: =+1.5% -> 0.015
A10: Kebbi | B10: 1022140 | C10: — | D10: 768550 | E10: 1077101 | F10: 2775855 | G10: 1022140 | H10: IE | I10: -0.051
A11: Sokoto | B11: — | C11: 1236969 | D11: 769824 | E11: 1079514 | F11: 2255866 | G11: 1236969 | H11: NIMR | I11: =+14.6% -> 0.146
A12: Yobe | B12: — | C12: 1421137 | D12: 854028 | E12: 807739 | F12: 1448752 | G12: 1421137 | H12: NIMR | I12: =+75.9% -> 0.759
A13: Zamfara | B13: 914192 | C13: — | D13: 663477 | E13: No data | F13: 2966355 | G13: 914192 | H13: IE | I13: N/A
F14: =sum(F3:F13) -> 24150011

Sheet enumeration_kad_bau_ada_gombe_y
A1: state | B1: Unique | C1: local_government_area | D1: 1_59m | E1: Source
A2: KADUNA | B2: =CONCATENATE(UPPER(A2),"_",UPPER(C2)) -> KADUNA_BIRNIN GWARI | C2: Birnin Gwari | D2: 94236 | E2: NIMR
A3: KADUNA | B3: =CONCATENATE(UPPER(A3),"_",UPPER(C3)) -> KADUNA_CHIKUN | C3: Chikun | D3: 115381 | E3: NIMR
A4: KADUNA | B4: =CONCATENATE(UPPER(A4),"_",UPPER(C4)) -> KADUNA_GIWA | C4: Giwa | D4: 226851 | E4: NIMR
A5: KADUNA | B5: =CONCATENATE(UPPER(A5),"_",UPPER(C5)) -> KADUNA_IGABI | C5: Igabi | D5: 225629 | E5: NIMR
A6: KADUNA | B6: =CONCATENATE(UPPER(A6),"_",UPPER(C6)) -> KADUNA_IKARA | C6: Ikara | D6: 108292 | E6: NIMR
A7: KADUNA | B7: =CONCATENATE(UPPER(A7),"_",UPPER(C7)) -> KADUNA_JABA | C7: Jaba | D7: 69109 | E7: NIMR
A8: KADUNA | B8: =CONCATENATE(UPPER(A8),"_",UPPER(C8)) -> KADUNA_JEMAA | C8: Jemaa | D8: 62835 | E8: NIMR
A9: KADUNA | B9: =CONCATENATE(UPPER(A9),"_",UPPER(C9)) -> KADUNA_KACHIA | C9: Kachia | D9: 104687 | E9: NIMR
A10: KADUNA | B10: =CONCATENATE(UPPER(A10),"_",UPPER(C10)) -> KADUNA_KADUNA NORTH | C10: Kaduna North | D10: 68091 | E10: NIMR
A11: KADUNA | B11: =CONCATENATE(UPPER(A11),"_",UPPER(C11)) -> KADUNA_KADUNA SOUTH | C11: Kaduna South | D11: 103834 | E11: NIMR
A12: KADUNA | B12: =CONCATENATE(UPPER(A12),"_",UPPER(C12)) -> KADUNA_KAGARKO | C12: Kagarko | D12: 89890 | E12: NIMR
A13: KADUNA | B13: =CONCATENATE(UPPER(A13),"_",UPPER(C13)) -> KADUNA_KAJURU | C13: Kajuru | D13: 39901 | E13: NIMR
... A93: YOBE | B93: =CONCATENATE(UPPER(A93),"_",UPPER(C93)) -> YOBE_YUSUFARI | C93: Yusufari | D93: 60764 | E93: NIMR
A94: SOKOTO | B94: SOKOTO_BINJI | C94: BINJI | D94: 28515 | E94: SIGHTSAVERS
A95: SOKOTO | B95: SOKOTO_BODINGA | C95: BODINGA | D95: 40925 | E95: SIGHTSAVERS
A96: SOKOTO | B96: SOKOTO_DANGE SHUNI | C96: DANGE SHUNI | D96: 43566 | E96: SIGHTSAVERS
A97: SOKOTO | B97: SOKOTO_GADA | C97: GADA | D97: 111590 | E97: SIGHTSAVERS
A98: SOKOTO | B98: SOKOTO_GORONYO | C98: GORONYO | D98: 64681 | E98: SIGHTSAVERS
A99: SOKOTO | B99: SOKOTO_GUDU | C99: GUDU | D99: 41497 | E99: SIGHTSAVERS
A100: SOKOTO | B100: SOKOTO_GWADABAWA | C100: GWADABAWA | D100: 71214 | E100: SIGHTSAVERS
A101: SOKOTO | B101: SOKOTO_ILLELA | C101: ILLELA | D101: 56446 | E101: SIGHTSAVERS
A102: SOKOTO | B102: SOKOTO_ISA | C102: ISA | D102: 56581 | E102: SIGHTSAVERS
A103: SOKOTO | B103: SOKOTO_KEBBE | C103: KEBBE | D103: 63300 | E103: SIGHTSAVERS
A104: SOKOTO | B104: SOKOTO_KWARE | C104: KWARE | D104: 84129 | E104: SIGHTSAVERS
A105: SOKOTO | B105: SOKOTO_RABAH | C105: RABAH | D105: 29369 | E105: SIGHTSAVERS
... A160: KANO | B160: KANO_WUDIL | C160: WUDIL | D160: 57855 | E160: SIGHTSAVERS

Sheet ie_records
A1: state | B1: local_government_area | C1: Unique | D1: 1_59m
A2: Katsina | B2: Bakori | C2: KATSINA_BAKORI | D2: 76017
A3: Katsina | B3: Batagarawa | C3: KATSINA_BATAGARAWA | D3: 50010
A4: Katsina | B4: Batsari | C4: KATSINA_BATSARI | D4: 51682
A5: Katsina | B5: Baure | C5: KATSINA_BAURE | D5: 60003
A6: Katsina | B6: Bindawa | C6: KATSINA_BINDAWA | D6: 48301
A7: Katsina | B7: Charanchi | C7: KATSINA_CHARANCHI | D7: 46938
A8: Katsina | B8: Dan Musa | C8: KATSINA_DAN MUSA | D8: 45128
A9: Katsina | B9: Dandume | C9: KATSINA_DANDUME | D9: 69858
A10: Katsina | B10: Danja | C10: KATSINA_DANJA | D10: 66182
A11: Katsina | B11: Daura | C11: KATSINA_DAURA | D11: 32790
A12: Katsina | B12: Dutsi | C12: KATSINA_DUTSI | D12: 32600
A13: Katsina | B13: Dutsin Ma | C13: KATSINA_DUTSIN MA | D13: 66490
... A97: Jigawa | B97: Yankwashi | C97: JIGAWA_YANKWASHI | D97: 17578

Sheet world_pop
A1: state | B1: local_government_area | C1: 1_59m | D1: state | E1: lganame | F1: uu_code | G1: total_u5
A2: ADAMAWA | B2: Demsa | C2: 127544 | D2: Adamawa | E2: Demsa | F2: ADAMAWA_DEMSA | G2: 47556
A3: ADAMAWA | B3: Fufore | C3: 54573 | D3: Adamawa | E3: Fufore | F3: ADAMAWA_FUFORE | G3: 74764
A4: ADAMAWA | B4: Ganye | C4: 52451 | D4: Adamawa | E4: Ganye | F4: ADAMAWA_GANYE | G4: 52343
A5: ADAMAWA | B5: Girei | C5: 50379 | D5: Adamawa | E5: Girei | F5: ADAMAWA_GIREI | G5: 44319
A6: ADAMAWA | B6: Gombi | C6: 30250 | D6: Adamawa | E6: Gombi | F6: ADAMAWA_GOMBI | G6: 49526
A7: ADAMAWA | B7: Guyuk | C7: 90169 | D7: Adamawa | E7: Guyuk | F7: ADAMAWA_GUYUK | G7: 42068
A8: ADAMAWA | B8: Hong | C8: 49901 | D8: Adamawa | E8: Hong | F8: ADAMAWA_HONG | G8: 55841
A9: ADAMAWA | B9: Jada | C9: 45512 | D9: Adamawa | E9: Jada | F9: ADAMAWA_JADA | G9: 54042
A10: ADAMAWA | B10: Lamurde | C10: 35361 | D10: Adamawa | E10: Lamurde | F10: ADAMAWA_LAMURDE | G10: 33598
A11: ADAMAWA | B11: Madagali | C11: 40439 | D11: Adamawa | E11: Madagali | F11: ADAMAWA_MADAGALI | G11: 42724
A12: ADAMAWA | B12: Maiha | C12: 28812 | D12: Adamawa | E12: Maiha | F12: ADAMAWA_MAIHA | G12: 31586
A13: ADAMAWA | B13: Mayo Belwa | C13: 38176 | D13: Adamawa | E13: Mayo-Belwa | F13: ADAMAWA_MAYO BELWA | G13: 51996
... A256: ZAMFARA | B256: Zurmi | C256: 72277 | D256: Zamfara | E256: Zurmi | F256: ZAMFARA_ZURMI | G256: 43646
D257: Zamfara | E257: Zurmi | F257: ZAMFARA_ZURMI | G257: 43646

Sheet mda_last_round
A1: state | B1: local_government_area | C1: 1_59m | D1: round | E1: uuid
A2: ADAMAWA | B2: DEMSA | C2: 59894 | D2: 1 | E2: =CONCATENATE(UPPER(A2),"_",UPPER(B2)) -> ADAMAWA_DEMSA
A3: ADAMAWA | B3: FUFORE | C3: 75465 | D3: 1 | E3: =CONCATENATE(UPPER(A3),"_",UPPER(B3)) -> ADAMAWA_FUFORE
A4: ADAMAWA | B4: GANYE | C4: 50873 | D4: 1 | E4: =CONCATENATE(UPPER(A4),"_",UPPER(B4)) -> ADAMAWA_GANYE
A5: ADAMAWA | B5: GIREI | C5: 45686 | D5: 1 | E5: =CONCATENATE(UPPER(A5),"_",UPPER(B5)) -> ADAMAWA_GIREI
A6: ADAMAWA | B6: GOMBI | C6: 48636 | D6: 1 | E6: =CONCATENATE(UPPER(A6),"_",UPPER(B6)) -> ADAMAWA_GOMBI
A7: ADAMAWA | B7: GUYUK | C7: 58862 | D7: 1 | E7: =CONCATENATE(UPPER(A7),"_",UPPER(B7)) -> ADAMAWA_GUYUK
A8: ADAMAWA | B8: HONG | C8: 46750 | D8: 1 | E8: =CONCATENATE(UPPER(A8),"_",UPPER(B8)) -> ADAMAWA_HONG
A9: ADAMAWA | B9: JADA | C9: 52716 | D9: 1 | E9: =CONCATENATE(UPPER(A9),"_",UPPER(B9)) -> ADAMAWA_JADA
A10: ADAMAWA | B10: LAMURDE | C10: 31831 | D10: 1 | E10: =CONCATENATE(UPPER(A10),"_",UPPER(B10)) -> ADAMAWA_LAMURDE
A11: ADAMAWA | B11: MADAGALI | C11: 55945 | D11: 1 | E11: =CONCATENATE(UPPER(A11),"_",UPPER(B11)) -> ADAMAWA_MADAGALI
A12: ADAMAWA | B12: MAIHA | C12: 40695 | D12: 1 | E12: =CONCATENATE(UPPER(A12),"_",UPPER(B12)) -> ADAMAWA_MAIHA
A13: ADAMAWA | B13: MAYO BELWA | C13: 93535 | D13: 1 | E13: =CONCATENATE(UPPER(A13),"_",UPPER(B13)) -> ADAMAWA_MAYO BELWA
... A159: KATSINA | B159: KUSADA | C159: 34704 | D159: 2 | E159: =CONCATENATE(UPPER(A159),"_",UPPER(B159)) -> KATSINA_KUSADA
A160: KATSINA | B160: MAIADUA | C160: 40564 | D160: 2 | E160: KATSINA_MAI'ADUA
A161: KATSINA | B161: MALUMFASHI | C161: 66155 | D161: 2 | E161: =CONCATENATE(UPPER(A161),"_",UPPER(B161)) -> KATSINA_MALUMFASHI
A162: KATSINA | B162: MANI | C162: 74794 | D162: 2 | E162: =CONCATENATE(UPPER(A162),"_",UPPER(B162)) -> KATSINA_MANI
A163: KATSINA | B163: MASHI | C163: 0 | D163: 2 | E163: =CONCATENATE(UPPER(A163),"_",UPPER(B163)) -> KATSINA_MASHI
A164: KATSINA | B164: MATAZU | C164: 22414 | D164: 2 | E164: =CONCATENATE(UPPER(A164),"_",UPPER(B164)) -> KATSINA_MATAZU
A165: KATSINA | B165: MUSAWA | C165: 44773 | D165: 2 | E165: =CONCATENATE(UPPER(A165),"_",UPPER(B165)) -> KATSINA_MUSAWA
A166: KATSINA | B166: RIMI | C166: 54359 | D166: 2 | E166: =CONCATENATE(UPPER(A166),"_",UPPER(B166)) -> KATSINA_RIMI
A167: KATSINA | B167: SABUWA | C167: 46598 | D167: 2 | E167: =CONCATENATE(UPPER(A167),"_",UPPER(B167)) -> KATSINA_SABUWA
A168: KATSINA | B168: SAFANA | C168: 48663 | D168: 2 | E168: =CONCATENATE(UPPER(A168),"_",UPPER(B168)) -> KATSINA_SAFANA
A169: KATSINA | B169: SANDAMU | C169: 48375 | D169: 2 | E169: =CONCATENATE(UPPER(A169),"_",UPPER(B169)) -> KATSINA_SANDAMU
A170: KATSINA | B170: ZANGO | C170: 52531 | D170: 2 | E170: =CONCATENATE(UPPER(A170),"_",UPPER(B170)) -> KATSINA_ZANGO
A171: KEBBI | B171: ALEIRO | C171: 23737 | D171: 2 | E171: =CONCATENATE(UPPER(A171),"_",UPPER(B171)) -> KEBBI_ALEIRO
A172: KEBBI | B172: AREWA DANDI | C172: 59929 | D172: 2 | E172: =CONCATENATE(UPPER(A172),"_",UPPER(B172)) -> KEBBI_AREWA DANDI
... A242: GOMBE | B242: YAMALTU-DEBA | C242: 84197 | D242: 1 | E242: =CONCATENATE(UPPER(A242),"_",UPPER(B242)) -> GOMBE_YAMALTU-DEBA

Sheet immuization
A1: State | B1: Lga | C1: uid_id | D1: total_vacc_bopv | E1: total_vacc_nopv
A2: Adamawa | B2: Demsa | C2: ADAMAWA_DEMSA | D2: 789 | E2: 78206
A3: Adamawa | B3: Fufore | C3: ADAMAWA_FUFORE | D3: 34 | E3: 96912
A4: Adamawa | B4: Ganye | C4: ADAMAWA_GANYE | D4: 68 | E4: 57510
A5: Adamawa | B5: Girei | C5: ADAMAWA_GIREI | D5: 172 | E5: 54459
A6: Adamawa | B6: Gombi | C6: ADAMAWA_GOMBI | D6: 283 | E6: 66079
A7: Adamawa | B7: Guyuk | C7: ADAMAWA_GUYUK | D7: 54 | E7: 29094
A8: Adamawa | B8: Hong | C8: ADAMAWA_HONG | D8: 8 | E8: 42148
A9: Adamawa | B9: Jada | C9: ADAMAWA_JADA | D9: 37 | E9: 51596
A10: Adamawa | B10: Lamurde | C10: ADAMAWA_LAMURDE | D10: 33 | E10: 58805
A11: Adamawa | B11: Madagali | C11: ADAMAWA_MADAGALI | D11: 0 | E11: 59093
A12: Adamawa | B12: Maiha | C12: ADAMAWA_MAIHA | D12: 220 | E12: 41025
A13: Adamawa | B13: Mayo Belwa | C13: ADAMAWA_MAYO BELWA | D13: 102 | E13: 53732
... A337: Zamfara | B337: Zurmi | C337: ZAMFARA_ZURMI | D337: 217298 | E337: 225364
